{"cameraMode":{"drawMode":0,"name":"Shaded","section":"Shading Mode"},"sceneLighting":false,"audioPlay":false,"sceneViewState":{"showFog":true,"showMaterialUpdate":false,"showSkybox":true,"showFlares":true,"showImageEffects":true,"showParticleSystems":true},"in2DMode":false,"pivot":{"x":-0.0748089849948883,"y":-0.0874045267701149,"z":0.02970038540661335},"rotation":{"x":-0.07493140548467636,"y":0.0018013216322287918,"z":-0.00014018270303495228,"w":-0.997215211391449},"size":2.8578836917877199,"orthographic":false}