{"cameraMode":{"drawMode":0,"name":"Shaded","section":"Shading Mode"},"sceneLighting":false,"audioPlay":false,"sceneViewState":{"showFog":true,"showMaterialUpdate":false,"showSkybox":true,"showFlares":true,"showImageEffects":true,"showParticleSystems":true},"in2DMode":false,"pivot":{"x":1.4464366436004639,"y":0.359605997800827,"z":-5.862303256988525},"rotation":{"x":-0.008289099670946598,"y":-0.9912174344062805,"z":0.07597556710243225,"w":-0.10807355493307114},"size":8.023274421691895,"orthographic":false}