{"cameraMode":{"drawMode":0,"name":"Shaded","section":"Shading Mode"},"sceneLighting":false,"audioPlay":false,"sceneViewState":{"showFog":true,"showMaterialUpdate":false,"showSkybox":true,"showFlares":true,"showImageEffects":true,"showParticleSystems":true},"in2DMode":false,"pivot":{"x":-1.095206379890442,"y":-0.7643716335296631,"z":5.293540954589844},"rotation":{"x":-0.002835260471329093,"y":-0.9830859899520874,"z":0.18255071341991425,"w":-0.015343974344432354},"size":17.454187393188478,"orthographic":false}