{"cameraMode":{"drawMode":0,"name":"Shaded","section":"Shading Mode"},"sceneLighting":false,"audioPlay":false,"sceneViewState":{"showFog":true,"showMaterialUpdate":false,"showSkybox":true,"showFlares":true,"showImageEffects":true,"showParticleSystems":true},"in2DMode":false,"pivot":{"x":1.8659579753875733,"y":-0.6383455991744995,"z":1.0169652700424195},"rotation":{"x":0.06920091062784195,"y":0.40007951855659487,"z":-0.030273815616965295,"w":0.913453996181488},"size":5.357365608215332,"orthographic":false}