{"cameraMode":{"drawMode":0,"name":"Shaded","section":"Shading Mode"},"sceneLighting":false,"audioPlay":false,"sceneViewState":{"showFog":true,"showMaterialUpdate":false,"showSkybox":true,"showFlares":true,"showImageEffects":true,"showParticleSystems":true},"in2DMode":false,"pivot":{"x":-0.10000002384185791,"y":-0.06999993324279785,"z":-0.12000000476837158},"rotation":{"x":0.00002294012847414706,"y":0.9999205470085144,"z":-0.018000248819589616,"w":0.01017696876078844},"size":4.548736572265625,"orthographic":false}