{"cameraMode":{"drawMode":0,"name":"Shaded","section":"Shading Mode"},"sceneLighting":false,"audioPlay":false,"sceneViewState":{"showFog":true,"showMaterialUpdate":false,"showSkybox":true,"showFlares":true,"showImageEffects":true,"showParticleSystems":true},"in2DMode":false,"pivot":{"x":2.621182680130005,"y":0.8307328820228577,"z":-0.8182642459869385},"rotation":{"x":0.001286349375732243,"y":0.9964102506637573,"z":-0.017654376104474069,"w":0.08448626101016998},"size":10.572807312011719,"orthographic":false}